Acid green,#B0BF1A,65,86,75
Aero,#7CB9E8,206,47,91
Aero blue,#C9FFE5,151,21,100
African violet,#B284BE,288,31,75
Air Force blue (RAF),#5D8AA8,204,45,66
Air Force blue (USAF),#00308F,220,100,56
Air superiority blue,#72A0C1,205,41,76
Alabama crimson,#AF002A,346,100,69
Alice blue,#F0F8FF,208,6,100
Red crimson,#E32636,355,83,89
Alloy orange,#C46210,27,92,77
Almond,#EFDECD,30,14,94
Amaranth,#E52B50,348,81,90
Amaranth deep purple,#AB274F,342,77,67
Amaranth pink,#F19CBB,338,35,95
Amaranth purple,#AB274F,342,77,67
Amaranth red,#D3212D,356,84,83
Amazon,#3B7A57,147,52,48
Amber,#FFBF00,45,100,100
Amber (SAE/ECE),#FF7E00,30,100,100
American rose,#FF033E,346,99,100
Amethyst,#9966CC,270,50,80
Android green,#A4C639,74,71,78
Anti-flash white,#F2F3F4,210,1,96
Antique brass,#CD9575,22,43,80
Antique bronze,#665D1E,53,71,40
Antique fuchsia,#915C83,316,37,57
Antique ruby,#841B2D,350,80,52
Antique white,#FAEBD7,34,14,98
Ao (English),#008000,120,100,50
Apple green,#8DB600,74,100,71
Apricot,#FBCEB1,24,29,98
Aqua,#00FFFF,180,100,100
Aquamarine,#7FFFD4,160,50,100
Arctic lime,#D0FF14,72,92,100
Army green,#4B5320,69,61,33
Arsenic,#3B444B,206,21,29
Artichoke,#8F9779,76,20,59
Arylide yellow,#E9D66B,51,54,91
Ash grey,#B2BEB5,135,6,75
Asparagus,#87A96B,93,37,66
Atomic tangerine,#FF9966,20,60,100
Auburn,#A52A2A,0,75,65
Aureolin,#FDEE00,56,100,99
AuroMetalSaurus,#6E7F80,183,14,50
Avocado,#568203,81,98,51
Azure,#007FFF,210,100,100
Azure (web color),#F0FFFF,180,6,100
Azure mist,#F0FFFF,180,6,100
Azureish white,#DBE9F4,206,10,96
Baby blue,#89CFF0,199,43,94
Baby blue eyes,#A1CAF1,209,33,95
Baby pink,#F4C2C2,0,20,96
Baby powder,#FEFEFA,60,2,100
Baker-Miller pink,#FF91AF,344,43,100
Ball blue,#21ABCD,192,84,80
Banana Mania,#FAE7B5,43,28,98
Banana yellow,#FFE135,51,79,100
Bangladesh green,#006A4E,164,100,42
Barbie pink,#E0218A,327,85,88
Barn red,#7C0A02,4,98,49
Battleship grey,#848482,60,2,52
Bazaar,#98777B,353,22,60
Beau blue,#BCD4E6,206,18,90
Beaver,#9F8170,22,30,62
Beige,#F5F5DC,60,10,96
B'dazzled blue,#2E5894,215,69,58
Big dip oruby,#9C2542,345,76,61
Bisque,#FFE4C4,33,23,100
Bistre,#3D2B1F,24,49,24
Bistre brown,#967117,43,85,59
Bitter lemon,#CAE00D,66,94,88
Bitter lime,#BFFF00,75,100,100
Bittersweet,#FE6F5E,6,63,100
Bittersweet shimmer,#BF4F51,359,59,75
Black,#000000,0,0,0
Black bean,#3D0C02,10,97,24
Black leather jacket,#253529,135,30,21
Black olive,#3B3C36,70,10,24
Blanched almond,#FFEBCD,36,20,100
Blast-off bronze,#A57164,12,39,65
Bleu de France,#318CE7,210,79,91
Blizzard Blue,#ACE5EE,188,28,93
Blond,#FAF0BE,50,24,98
Blue,#0000FF,240,100,100
Blue (Crayola),#1F75FE,217,88,100
Blue (Munsell),#0093AF,190,100,69
Blue (NCS),#0087BD,197,100,74
Blue (Pantone),#0018A8,231,100,66
Blue (pigment),#333399,240,67,60
Blue (RYB),#0247FE,224,99,100
Blue Bell,#A2A2D0,240,22,82
Blue-gray,#6699CC,210,50,80
Blue-green,#0D98BA,192,93,73
Blue Lagoon,#5E93A1,193,41,63
Blue-magenta violet,#553592,261,64,57
Blue sapphire,#126180,197,86,50
Blue-violet,#8A2BE2,271,81,89
Blue yonder,#5072A7,217,52,65
Blueberry,#4F86F7,220,68,97
Bluebonnet,#1C1CF0,240,88,94
Blush,#DE5D83,342,58,87
Bole,#79443B,9,51,47
Bondi blue,#0095B6,191,100,71
Bone,#E3DAC9,39,11,89
Boston University Red,#CC0000,0,100,80
Bottle green,#006A4E,164,100,42
Boysenberry,#873260,328,63,53
Brandeis blue,#0070FF,214,100,100
Brass,#B5A642,52,64,71
Brick red,#CB4154,352,68,80
Bright cerulean,#1DACD6,194,86,84
Bright green,#66FF00,96,100,100
Bright lavender,#BF94E4,272,35,89
Bright lilac,#D891EF,285,39,94
Bright maroon,#C32148,346,83,76
Bright navy blue,#1974D2,210,88,82
Bright pink,#FF007F,330,100,100
Bright turquoise,#08E8DE,177,97,91
Bright ube,#D19FE8,281,31,91
Brilliant azure,#3399FF,210,80,100
Brilliant lavender,#F4BBFF,290,27,100
Brilliant rose,#FF55A3,332,67,100
Brink pink,#FB607F,348,62,98
British racing green,#004225,154,100,26
Bronze,#CD7F32,30,76,80
Bronze Yellow,#737000,58,100,45
Brown (traditional),#964B00,30,100,59
Brown (web),#A52A2A,0,75,65
Brown-nose,#6B4423,28,67,42
Brown Yellow,#cc9966,30,50,80
Brunswick green,#1B4D3E,162,65,30
Bubble gum,#FFC1CC,349,24,100
Bubbles,#E7FEFF,183,9,100
Buff,#F0DC82,49,46,94
Bud green,#7BB661,102,47,71
Bulgarian rose,#480607,359,92,28
Burgundy,#800020,345,100,50
Burlywood,#DEB887,34,39,87
Burnt orange,#CC5500,25,100,80
Burnt sienna,#E97451,14,65,91
Burnt umber,#8A3324,9,74,54
Byzantine,#BD33A4,311,73,74
Byzantium,#702963,311,63,44
Cadet,#536872,199,27,45
Cadet blue,#5F9EA0,182,41,63
Cadet grey,#91A3B0,205,18,69
Cadmium green,#006B3C,154,100,42
Cadmium orange,#ED872D,28,81,93
Cadmium red,#E30022,351,100,89
Cadmium yellow,#FFF600,58,100,100
Caf au lait,#A67B5B,26,45,65
Caf noir,#4B3621,30,56,29
Cal Poly green,#1E4D2B,137,61,30
Cambridge Blue,#A3C1AD,140,16,76
Camel,#C19A6B,33,45,76
Cameo pink,#EFBBCC,340,22,94
Camouflage green,#78866B,91,20,53
Canary yellow,#FFEF00,56,100,100
Candy apple red,#FF0800,2,100,100
Candy pink,#E4717A,355,50,89
Capri,#00BFFF,195,100,100
Caput mortuum,#592720,7,64,35
Cardinal,#C41E3A,350,85,77
Caribbean green,#00CC99,165,100,80
Carmine,#960018,350,100,59
Carmine (M&P),#D70040,342,100,84
Carmine pink,#EB4C42,4,72,92
Carmine red,#FF0038,347,100,100
Carnation pink,#FFA6C9,336,35,100
Carnelian,#B31B1B,0,85,70
Carolina blue,#56A0D3,204,59,83
Carrot orange,#ED9121,33,86,93
Castleton green,#00563F,164,100,34
Catalina blue,#062A78,221,95,47
Catawba,#703642,348,52,44
Cedar Chest,#C95A49,8,64,79
Ceil,#92A1CF,225,29,81
Celadon,#ACE1AF,123,24,88
Celadon blue,#007BA7,196,100,65
Celadon green,#2F847C,174,64,52
Celeste,#B2FFFF,180,30,100
Celestial blue,#4997D0,205,65,82
Cerise,#DE3163,343,78,87
Cerise pink,#EC3B83,336,75,93
Cerulean,#007BA7,196,100,65
Cerulean blue,#2A52BE,224,78,75
Cerulean frost,#6D9BC3,208,44,76
CG Blue,#007AA5,196,100,65
CG Red,#E03C31,4,78,88
Chamoisee,#A0785A,26,44,63
Champagne,#F7E7CE,37,17,97
Charcoal,#36454F,204,32,31
Charleston green,#232B2B,180,19,17
Charm pink,#E68FAC,340,38,90
Chartreuse (traditional),#DFFF00,68,100,100
Chartreuse (web),#7FFF00,90,100,100
Cherry,#DE3163,343,78,87
Cherry blossom pink,#FFB7C5,348,28,100
Chestnut,#954535,10,64,58
China pink,#DE6FA1,333,50,87
China rose,#A8516E,340,52,66
Chinese red,#AA381E,11,82,67
Chinese violet,#856088,296,29,53
Chocolate (traditional),#7B3F00,31,100,48
Chocolate (web),#D2691E,25,86,82
Chrome yellow,#FFA700,39,100,100
Cinereous,#98817B,12,19,60
Cinnabar,#E34234,5,77,89
Cinnamon[citation needed],#D2691E,25,86,82
Citrine,#E4D00A,54,96,89
Citron,#9FA91F,64,82,66
Claret,#7F1734,343,82,50
Classic rose,#FBCCE7,326,19,98
Cobalt Blue,#0047AB,215,100,67
Cocoa brown,#D2691E,25,86,82
Coconut,#965A3E,19,59,59
Coffee,#6F4E37,25,50,44
Columbia Blue,#C4D8E2,200,13,89
Congo pink,#F88379,5,51,97
Cool Black,#002E63,212,100,38
Cool grey,#8C92AC,229,19,67
Copper,#B87333,29,72,72
Copper (Crayola),#DA8A67,18,53,85
Copper penny,#AD6F69,5,39,68
Copper red,#CB6D51,14,60,80
Copper rose,#996666,0,33,60
Coquelicot,#FF3800,13,100,100
Coral,#FF7F50,16,69,100
Coral pink,#F88379,5,51,97
Coral red,#FF4040,0,75,100
Cordovan,#893F45,355,54,54
Corn,#FBEC5D,54,63,98
Cornell Red,#B31B1B,0,85,70
Cornflower blue,#6495ED,219,58,93
Cornsilk,#FFF8DC,48,14,100
Cosmic latte,#FFF8E7,43,9,100
Coyote brown,#81613e,62,52,51
Cotton candy,#FFBCD9,334,26,100
Cream,#FFFDD0,57,18,100
Crimson,#DC143C,348,91,86
Crimson glory,#BE0032,344,100,75
Crimson red,#990000,0,100,60
Cyan,#00FFFF,180,100,100
Cyan azure,#4E82b4,209,57,71
Cyan-blue azure,#4682BF,210,63,75
Cyan cobalt blue,#28589C,215,74,61
Cyan cornflower blue,#188BC2,199,88,76
Cyan (process),#00B7EB,193,100,92
Cyber grape,#58427C,263,47,49
Cyber yellow,#FFD300,50,100,100
Daffodil,#FFFF31,60,81,100
Dandelion,#F0E130,55,80,94
Dark blue,#00008B,240,100,55
Dark blue-gray,#666699,240,33,60
Dark brown,#654321,30,67,40
Dark brown-tangelo,#88654E,24,43,53
Dark byzantium,#5D3954,315,39,36
Dark candy apple red,#A40000,0,100,64
Dark cerulean,#08457E,209,94,49
Dark chestnut,#986960,10,37,60
Dark coral,#CD5B45,10,66,80
Dark cyan,#008B8B,180,100,55
Dark electric blue,#536878,206,31,47
Dark goldenrod,#B8860B,43,94,72
Dark gray (X11),#A9A9A9,0,0,66
Dark green,#013220,158,98,20
Dark green (X11),#006400,120,100,39
Dark gunmetal,#1E2224,202,26,16
Dark imperial blue,#00416A,203,100,42
Dark imperial blue,#6E6EF9,183,100,40
Dark jungle green,#1A2421,162,28,14
Dark khaki,#BDB76B,56,43,74
Dark lava,#483C32,27,31,28
Dark lavender,#734F96,270,47,59
Dark liver,#534B4F,330,10,33
Dark liver (horses),#543D37,12,35,33
Dark magenta,#8B008B,300,100,55
Dark medium gray,#A9A9A9,0,0,66
Dark midnight blue,#003366,210,100,40
Dark moss green,#4A5D23,80,62,36
Dark olive green,#556B2F,82,56,42
Dark orange,#FF8C00,33,100,100
Dark orchid,#9932CC,280,75,80
Dark pastel blue,#779ECB,212,41,80
Dark pastel green,#03C03C,138,98,75
Dark pastel purple,#966FD6,263,48,84
Dark pastel red,#C23B22,9,82,76
Dark pink,#E75480,342,64,91
Dark powder blue,#003399,220,100,60
Dark puce,#4F3A3C,354,27,31
Dark purple,#301934,291,51,20
Dark raspberry,#872657,330,72,53
Dark red,#8B0000,0,100,55
Dark salmon,#E9967A,15,48,91
Dark scarlet,#560319,344,97,34
Dark sea green,#8FBC8F,120,24,74
Dark sienna,#3C1414,0,67,24
Dark sky blue,#8CBED6,199,35,84
Dark slate blue,#483D8B,248,56,55
Dark slate gray,#2F4F4F,180,41,31
Dark spring green,#177245,150,80,45
Dark tan,#918151,45,44,57
Dark tangerine,#FFA812,38,93,100
Dark taupe,#483C32,27,31,28
Dark terra cotta,#CC4E5C,353,62,80
Dark turquoise,#00CED1,181,100,82
Dark vanilla,#D1BEA8,32,20,82
Dark violet,#9400D3,282,100,83
Dark yellow,#9B870C,52,92,61
Dartmouth green,#00703C,152,100,44
Davy's grey,#555555,0,0,33
Debian red,#D70A53,339,95,84
Deep aquamarine,#40826D,161,51,51
Deep carmine,#A9203E,347,81,66
Deep carmine pink,#EF3038,357,80,94
Deep carrot orange,#E9692C,19,81,91
Deep cerise,#DA3287,330,77,85
Deep champagne,#FAD6A5,35,34,98
Deep chestnut,#B94E48,3,61,73
Deep coffee,#704241,1,42,44
Deep fuchsia,#C154C1,300,56,76
Deep Green,#056608,122,95,40
Deep green-cyan turquoise,#0E7C61,165,89,49
Deep jungle green,#004B49,178,100,29
Deep koamaru,#333366,240,50,40
Deep lemon,#F5C71A,47,89,96
Deep lilac,#9955BB,280,55,73
Deep magenta,#CC00CC,300,100,80
Deep maroon,#820000,0,100,51
Deep mauve,#D473D4,300,46,83
Deep moss green,#355E3B,129,44,37
Deep peach,#FFCBA4,26,36,100
Deep pink,#FF1493,328,92,100
Deep puce,#A95C68,351,46,66
Deep Red,#850101,0,99,52
Deep ruby,#843F5B,336,52,52
Deep saffron,#FF9933,30,80,100
Deep sky blue,#00BFFF,195,100,100
Deep Space Sparkle,#4A646C,194,31,42
Deep spring bud,#556B2F,82,56,42
Deep Taupe,#7E5E60,356,25,49
Deep Tuscan red,#66424D,342,35,40
Deep violet,#330066,270,100,40
Deer,#BA8759,28,52,73
Denim,#1560BD,213,89,74
Desaturated cyan,#669999,180,33,60
Desert,#C19A6B,33,45,76
Desert sand,#EDC9AF,25,26,93
Desire,#EA3C53,352,74,92
Diamond,#B9F2FF,191,27,100
Dim gray,#696969,0,0,41
Dirt,#9B7653,29,46,61
Dodger blue,#1E90FF,210,88,100
Dogwood rose,#D71868,335,89,84
Dollar bill,#85BB65,98,46,73
Donkey brown,#664C28,35,61,40
Drab,#967117,43,85,59
Duke blue,#00009C,240,100,61
Dust storm,#E5CCC9,6,12,90
Dutch white,#EFDFBB,42,22,94
Earth yellow,#E1A95F,34,58,88
Ebony,#555D50,97,14,36
Ecru,#C2B280,45,34,76
Eerie black,#1B1B1B,0,0,11
Eggplant,#614051,329,34,38
Eggshell,#F0EAD6,46,11,94
Egyptian blue,#1034A6,226,90,65
Electric blue,#7DF9FF,183,51,100
Electric crimson,#FF003F,345,100,100
Electric cyan,#00FFFF,180,100,100
Electric green,#00FF00,120,100,100
Electric indigo,#6F00FF,266,100,100
Electric lavender,#F4BBFF,290,27,100
Electric lime,#CCFF00,72,100,100
Electric purple,#BF00FF,285,100,100
Electric ultramarine,#3F00FF,255,100,100
Electric violet,#8F00FF,274,100,100
Electric yellow,#FFFF33,60,80,100
Emerald,#50C878,140,60,78
Eminence,#6C3082,284,63,51
English green,#1B4D3E,162,65,30
English lavender,#B48395,338,27,71
English red,#AB4B52,356,56,67
English violet,#563C5C,289,35,36
Eton blue,#96C8A2,134,25,78
Eucalyptus,#44D7A8,161,68,84
Fallow,#C19A6B,33,45,76
Falu red,#801818,0,81,50
Fandango,#B53389,320,72,71
Fandango pink,#DE5285,338,63,87
Fashion fuchsia,#F400A1,320,100,96
Fawn,#E5AA70,30,51,90
Feldgrau,#4D5D53,143,17,36
Feldspar,#FDD5B1,28,30,99
Fern green,#4F7942,106,45,47
Ferrari Red,#FF2800,9,100,100
Field drab,#6C541E,42,72,42
Firebrick,#B22222,0,81,70
Fire engine red,#CE2029,357,84,81
Flame,#E25822,17,85,89
Flamingo pink,#FC8EAC,344,44,99
Flattery,#6B4423,28,67,42
Flavescent,#F7E98E,52,43,97
Flax,#EEDC82,50,45,93
Flirt,#A2006D,320,100,64
Floral white,#FFFAF0,40,6,100
Fluorescent orange,#FFBF00,45,100,100
Fluorescent pink,#FF1493,328,92,100
Fluorescent yellow,#CCFF00,72,100,100
Folly,#FF004F,341,100,100
Forest green (traditional),#014421,149,99,27
Forest green (web),#228B22,120,76,55
French beige,#A67B5B,26,45,65
French bistre,#856D4D,34,42,52
French blue,#0072BB,203,100,73
French fuchsia,#FD3F92,334,75,99
French lilac,#86608E,290,32,56
French lime,#9EFD38,89,78,99
French mauve,#D473D4,300,46,83
French pink,#FD6C9E,339,57,99
French plum,#811453,325,84,51
French puce,#4E1609,11,88,31
French raspberry,#C72C48,349,78,78
French rose,#F64A8A,338,70,96
French sky blue,#77B5FE,212,53,100
French violet,#8806CE,279,97,81
French wine,#AC1E44,344,83,67
Fresh Air,#A6E7FF,196,35,100
Fuchsia,#FF00FF,300,100,100
Fuchsia (Crayola),#C154C1,300,56,76
Fuchsia pink,#FF77FF,300,53,100
Fuchsia purple,#CC397B,333,72,80
Fuchsia rose,#C74375,337,66,78
Fulvous,#E48400,35,100,89
Fuzzy Wuzzy,#CC6666,0,50,80
Gainsboro,#DCDCDC,0,0,86
Gamboge,#E49B0F,39,93,89
Gamboge orange (brown),#996600,40,100,60
Generic viridian,#007F66,168,100,50
Ghost white,#F8F8FF,240,3,100
Giants orange,#FE5A1D,16,89,100
Glaucous,#6082B6,216,47,71
Glitter,#E6E8FA,234,8,98
GO green,#00AB66,156,100,67
Gold (metallic),#D4AF37,46,74,83
Gold (web) (Golden),#FFD700,51,100,100
Gold Fusion,#85754E,43,41,52
Golden brown,#996515,36,86,60
Golden poppy,#FCC200,46,100,99
Golden yellow,#FFDF00,52,100,100
Goldenrod,#DAA520,43,85,85
Granny Smith Apple,#A8E4A0,113,30,89
Grape,#6F2DA8,272,73,66
Gray,#B06500,0,0,50
Gray (HTML/CSS gray),#808080,0,0,50
Gray (X11 gray),#808080,0,0,75
Gray-asparagus,#BEBEBE,117,22,35
Gray-blue,#8C92AC,229,16,61
Green (Color Wheel) (X11 green),#8C92AC,120,100,100
Green (Crayola),#00FF00,158,84,67
Green (HTML/CSS color),#1CAC78,120,100,50
Green (Munsell),#008000,163,100,66
Green (NCS),#00A877,160,100,62
Green (Pantone),#009F6B,143,100,68
Green (pigment),#00AD43,149,100,65
Green (RYB),#00A550,95,72,69
Green-blue,#66B032,209,91,71
Green-cyan,#1164B4,160,100,60
Green-yellow,#009966,84,82,100
Grizzly,#ADFF2F,34,82,53
Grullo,#885818,34,21,66
Grussrel,#A99A86,34,100,69
Gunmetal,#2A3439,200,15,19
Guppie green,#2a3439,150,100,100
Halay� �be,#663854,323,45,40
Han blue,#446CCF,223,67,81
Han purple,#5218FA,255,90,98
Hansa yellow,#E9D66B,51,54,91
Harlequin,#3FFF00,105,100,100
Harlequin green,#46CB18,105,88,80
Harvard crimson,#C90016,353,100,79
Harvest gold,#DA9100,40,100,85
Heart Gold,#808000,60,100,50
Heliotrope,#DF73FF,286,55,100
Heliotrope gray,#AA98A9,303,11,67
Heliotrope magenta,#AA00BB,295,100,73
Hollywood cerise,#F400A1,320,100,96
Honeydew,#F0FFF0,120,6,100
Honolulu blue,#006DB0,203,100,69
Hooker's green,#49796B,163,40,47
Hot magenta,#FF1DCE,313,89,100
Hot pink,#FF69B4,330,59,100
Hunter green,#355E3B,129,44,37
Iceberg,#71A6D2,207,46,82
Icterine,#FCF75E,58,63,99
Illuminating Emerald,#319177,164,66,57
Imperial,#602F6B,289,56,42
Imperial blue,#002395,226,100,58
Imperial purple,#66023C,325,98,40
Imperial red,#ED2939,355,83,93
Inchworm,#B2EC5D,84,61,93
Independence,#4C516D,231,30,43
India green,#138808,115,94,53
Indian red,#CD5C5C,0,55,80
Indian yellow,#E3A857,35,62,89
Indigo,#4B0082,266,100,100
Indigo (web),#091F92,275,100,51
Indigo dye,#4B0082,230,94,57
International Klein Blue,#002FA7,223,100,65
International orange (aerospace),#FF4F00,19,100,100
International orange (engineering),#BA160C,3,94,73
International orange (Golden Gate Bridge),#C0362C,4,77,75
Iris,#5A4FCF,245,62,81
Irresistible,#B3446C,338,62,70
Isabelline,#F4F0EC,30,3,96
Islamic green,#009000,120,100,56
Italian sky blue,#B2FFFF,180,30,100
Ivory,#FFFFF0,60,6,100
Jade,#00A86B,158,100,66
Japanese carmine,#9D2933,355,74,62
Japanese indigo,#264348,189,47,28
Japanese violet,#5B3256,307,45,36
Jasmine,#F8DE7E,47,49,97
Jasper,#D73B3E,359,73,84
Jazzberry jam,#A50B5E,328,93,65
Jelly Bean,#DA614E,8,64,85
Jet,#343434,0,0,20
Jonquil,#F4CA16,49,91,96
Jordy blue,#8AB9F1,213,43,95
June bud,#BDDA57,73,60,85
Jungle green,#29AB87,163,76,67
Kelly green,#4CBB17,101,88,73
Kenyan copper,#7C1C05,12,96,49
Keppel,#3AB09E,171,67,69
Khaki (HTML/CSS) (Khaki),#C3B091,37,26,76
Khaki (X11) (Light khaki),#F0E68C,54,42,94
Kobe,#882D17,12,83,53
Kobi,#E79FC4,329,31,91
Kobicha,#6B4423,28,67,42
Kombu green,#354230,103,27,26
KU Crimson,#E8000D,357,100,91
La Salle Green,#087830,141,93,47
Languid lavender,#D6CADD,278,9,87
Lapis lazuli,#26619C,210,76,61
Laser Lemon,#FFFF66,60,60,100
Laurel green,#A9BA9D,95,16,73
Lava,#CF1020,355,92,81
Lavender (floral),#B57EDC,275,43,86
Lavender (web),#E6E6FA,240,8,98
Lavender blue,#CCCCFF,240,20,90
Lavender blush,#FFF0F5,340,6,100
Lavender gray,#C4C3D0,245,6,82
Lavender indigo,#9457EB,265,63,92
Lavender magenta,#EE82EE,300,45,93
Lavender mist,#E6E6FA,240,8,98
Lavender pink,#FBAED2,332,31,98
Lavender purple,#967BB6,267,32,71
Lavender rose,#FBA0E3,316,36,98
Lawn green,#7CFC00,90,100,99
Lemon,#FFF700,58,100,100
Lemon chiffon,#FFFACD,54,20,100
Lemon curry,#CCA01D,45,86,80
Lemon glacier,#FDFF00,60,100,100
Lemon lime,#E3FF00,67,100,100
Lemon meringue,#F6EABE,47,23,96
Lemon yellow,#FFF44F,56,69,100
Lenurple,#BA93D8,274,32,85
Liberty,#1A1110,236,50,65
Licorice,#545AA7,6,38,10
Light apricot,#FDD5B1,28,30,99
Light blue,#ADD8E6,195,25,90
Light brilliant red,#fe2e2e,0,82,100
Light brown,#B5651D,28,84,71
Light carmine pink,#E66771,355,55,90
Light cobalt blue,#88ACE0,215,39,88
Light coral,#F08080,0,47,94
Light cornflower blue,#93CCEA,201,37,92
Light crimson,#F56991,343,57,96
Light cyan,#E0FFFF,180,12,100
Light deep pink,#FF5CCD,318,64,100
Light French beige,#C8AD7F,38,37,78
Light fuchsia pink,#F984EF,305,47,98
Light goldenrod yellow,#FAFAD2,60,16,98
Light gray,#D3D3D3,0,0,83
Light grayish magenta,#CC99CC,300,25,80
Light green,#90EE90,120,39,93
Light hot pink,#FFB3DE,326,30,100
Light khaki,#F0E68C,54,42,94
Light medium orchid,#D39BCB,309,27,83
Light moss green,#ADDFAD,120,22,87
Light orchid,#E6A8D7,315,27,90
Light pastel purple,#B19CD9,261,28,85
Light pink,#FFB6C1,351,29,100
Light red ochre,#E97451,14,65,91
Light salmon,#FFA07A,17,52,100
Light salmon pink,#FF9999,0,40,100
Light sea green,#20B2AA,177,82,70
Light sky blue,#87CEFA,203,46,98
Light slate gray,#778899,210,22,60
Light steel blue,#B0C4DE,214,21,87
Light taupe,#B38B6D,26,39,70
Light Thulian pink,#E68FAC,340,38,90
Light yellow,#FFFFE0,60,12,100
Lilac,#C8A2C8,300,19,78
Lime (color wheel),#BFFF00,75,100,100
Lime (web) (X11 green),#00FF00,120,100,100
Lime green,#32CD32,120,76,80
Limerick,#9DC209,72,95,76
Lincoln green,#195905,106,94,35
Linen,#FAF0E6,30,8,98
Lion,#C19A6B,33,45,76
Liseran Purple,#DE6FA1,333,50,87
Little boy blue,#6CA0DC,212,51,86
Liver,#674C47,9,31,40
Liver (dogs),#B86D29,29,78,72
Liver (organ),#6C2E1F,12,71,42
Liver chestnut,#987456,27,43,60
Livid,#6699CC,210,50,80
Lumber,#FFE4CD,28,20,100
Lust,#E62020,0,86,90
Macaroni and Cheese,#FFBD88,27,47,100
Magenta,#FF00FF,300,100,100
Magenta (Crayola),#FF55A3,332,67,100
Magenta (dye),#CA1F7B,328,85,79
Magenta (Pantone),#D0417E,334,69,82
Magenta (process),#FF0090,326,100,100
Magenta haze,#9F4576,327,57,62
Magenta-pink,#CC338B,325,75,80
Magic mint,#AAF0D1,153,29,94
Magnolia,#F8F4FF,262,4,100
Mahogany,#C04000,20,100,75
Maize,#FBEC5D,54,63,98
Majorelle Blue,#6050DC,247,64,86
Malachite,#0BDA51,140,95,85
Manatee,#979AAA,231,11,67
Mango Tango,#FF8243,20,74,100
Mantis,#74C365,110,48,76
Mardi Gras,#880085,301,100,53
Marigold,#EAA221,39,85,91
Maroon (Crayola),#C32148,346,83,76
Maroon (HTML/CSS),#800000,0,100,50
Maroon (X11),#B03060,338,73,69
Mauve,#E0B0FF,276,31,100
Mauve taupe,#915F6D,343,34,57
Mauvelous,#EF98AA,348,36,94
May green,#4C9141,112,55,57
Maya blue,#73C2FB,205,54,98
Meat brown,#E5B73B,44,74,90
Medium aquamarine,#66DDAA,154,54,87
Medium blue,#0000CD,240,100,80
Medium candy apple red,#E2062C,350,97,89
Medium carmine,#AF4035,5,70,69
Medium champagne,#F3E5AB,48,30,95
Medium electric blue,#035096,209,98,59
Medium jungle green,#1C352D,161,47,21
Medium lavender magenta,#DDA0DD,300,28,87
Medium orchid,#BA55D3,288,60,83
Medium Persian blue,#0067A5,203,100,65
Medium purple,#9370DB,260,49,86
Medium red-violet,#BB3385,324,73,73
Medium ruby,#AA4069,337,62,67
Medium sea green,#3CB371,147,66,70
Medium sky blue,#80DAEB,190,46,92
Medium slate blue,#7B68EE,249,56,93
Medium spring bud,#C9DC87,73,39,86
Medium spring green,#00FA9A,157,100,98
Medium taupe,#674C47,9,31,40
Medium turquoise,#48D1CC,178,66,82
Medium Tuscan red,#79443B,9,51,47
Medium vermilion,#D9603B,14,73,85
Medium violet-red,#C71585,322,89,78
Mellow apricot,#F8B878,30,52,97
Mellow yellow,#F8DE7E,47,49,97
Melon,#FDBCB4,7,29,99
Metallic Seaweed,#0A7E8C,186,93,55
Metallic Sunburst,#9C7C38,41,64,61
Mexican pink,#E4007C,327,100,89
Midnight blue,#191970,240,78,44
Midnight green (eagle green),#004953,187,100,33
Mikado yellow,#FFC40C,45,95,100
Mindaro,#E3F988,72,45,98
Ming,#36747D,188,56,49
Mint,#3EB489,158,66,71
Mint cream,#F5FFFA,150,4,100
Mint green,#98FF98,120,40,100
Misty rose,#FFE4E1,6,12,100
Moccasin,#FAEBD7,34,14,98
Mode beige,#967117,43,85,59
Moonstone blue,#73A9C2,199,41,76
Mordant red 19,#AE0C00,4,100,68
Moss green,#8A9A5B,75,41,60
Mountain Meadow,#30BA8F,161,74,73
Mountbatten pink,#997A8D,323,20,60
MSU Green,#18453B,167,65,27
Mughal green,#306030,120,50,38
Mulberry,#C54B8C,328,62,77
Mustard,#FFDB58,47,65,100
Myrtle green,#317873,176,59,47
Nadeshiko pink,#F6ADC6,339,30,96
Napier green,#2A8000,100,100,50
Naples yellow,#FADA5E,48,62,98
Navajo white,#FFDEAD,36,32,100
Navy,#000080,240,100,50
Navy purple,#9457EB,265,63,92
Neon Carrot,#FFA343,31,74,100
Neon fuchsia,#FE4164,349,74,100
Neon green,#39FF14,111,92,100
New Car,#214FC6,223,83,78
New York pink,#D7837F,3,41,84
Non-photo blue,#A4DDED,193,31,93
North Texas Green,#059033,140,97,56
Nyanza,#E9FFDB,97,14,100
Ocean Boat Blue,#0077BE,202,100,75
Ochre,#CC7722,30,83,80
Office green,#008000,120,100,50
Old burgundy,#43302E,6,31,26
Old gold,#CFB53B,49,71,81
Old heliotrope,#563C5C,289,35,36
Old lace,#FDF5E6,39,9,99
Old lavender,#796878,304,14,47
Old mauve,#673147,336,52,40
Old moss green,#867E36,54,60,53
Old rose,#C08081,359,33,75
Old silver,#848482,60,2,52
Olive,#808000,60,100,50
Olive Drab (3),#6B8E23,80,75,56
Olive Drab 7,#3C341F,43,48,24
Olivine,#9AB973,87,38,73
Onyx,#353839,195,7,22
Opera mauve,#B784A7,319,28,72
Orange (color wheel),#FF7F00,30,100,100
Orange (Crayola),#FF7538,18,78,100
Orange (Pantone),#FF5800,21,100,100
Orange (RYB),#FB9902,36,99,98
Orange (web),#FFA500,39,100,100
Orange peel,#FF9F00,37,100,100
Orange-red,#FF4500,16,100,100
Orange-yellow,#F8D568,45,58,97
Orchid,#DA70D6,302,49,85
Orchid pink,#F2BDCD,342,22,95
Orioles orange,#FB4F14,15,92,98
Otter brown,#654321,30,67,40
Outer Space,#414A4C,191,14,30
Outrageous Orange,#FF6E4A,12,71,100
Oxford Blue,#002147,212,100,28
OU Crimson Red,#990000,0,100,60
Pacific Blue,#1CA9C9,191,86,79
Pakistan green,#006600,120,100,40
Palatinate blue,#273BE2,234,83,89
Palatinate purple,#682860,308,62,41
Pale aqua,#BCD4E6,206,18,90
Pale blue,#AFEEEE,180,26,93
Pale brown,#987654,30,45,60
Pale carmine,#AF4035,5,70,69
Pale cerulean,#9BC4E2,205,31,89
Pale chestnut,#DDADAF,358,22,87
Pale copper,#DA8A67,18,53,85
Pale cornflower blue,#ABCDEF,210,28,94
Pale cyan,#87D3F8,200,46,97
Pale gold,#E6BE8A,34,40,90
Pale goldenrod,#EEE8AA,55,29,93
Pale green,#98FB98,120,39,98
Pale lavender,#DCD0FF,255,18,100
Pale magenta,#F984E5,310,47,98
Pale magenta-pink,#ff99cc,330,40,100
Pale pink,#FADADD,354,13,98
Pale plum,#DDA0DD,300,28,87
Pale red-violet,#DB7093,340,49,86
Pale robin egg blue,#96DED1,169,32,87
Pale silver,#C9C0BB,21,7,79
Pale spring bud,#ECEBBD,59,20,93
Pale taupe,#BC987E,25,33,74
Pale turquoise,#AFEEEE,180,26,93
Pale violet,#CC99FF,270,40,100
Pale violet-red,#DB7093,340,49,86
Pansy purple,#78184A,329,80,47
Paolo Veronese green,#009B7D,168,100,61
Papaya whip,#FFEFD5,37,16,100
Paradise pink,#E63E62,347,73,90
Paris Green,#50C878,140,60,78
Pastel blue,#AEC6CF,196,16,81
Pastel brown,#836953,28,37,51
Pastel gray,#CFCFC4,60,5,81
Pastel green,#77DD77,120,46,87
Pastel magenta,#F49AC2,333,37,96
Pastel orange,#FFB347,35,72,100
Pastel pink,#DEA5A4,1,26,87
Pastel purple,#B39EB5,295,13,71
Pastel red,#FF6961,3,62,100
Pastel violet,#CB99C9,302,25,80
Pastel yellow,#FDFD96,60,41,99
Patriarch,#800080,300,100,50
Payne's grey,#536878,206,31,47
Peach,#FFE5B4,39,29,100
Peach,#FFCBA4,26,36,100
Peach-orange,#FFCC99,30,40,100
Peach puff,#FFDAB9,28,27,100
Peach-yellow,#FADFAD,39,31,98
Pear,#D1E231,66,78,89
Pearl,#EAE0C8,42,15,92
Pearl Aqua,#88D8C0,162,37,85
Pearly purple,#B768A2,316,43,72
Peridot,#E6E200,59,100,90
Persian blue,#1C39BB,229,85,73
Persian green,#00A693,173,100,65
Persian indigo,#32127A,258,85,48
Persian orange,#D99058,26,59,85
Persian pink,#F77FBE,329,49,97
Persian plum,#701C1C,0,75,44
Persian red,#CC3333,0,75,80
Persian rose,#FE28A2,326,84,100
Persimmon,#EC5800,22,100,93
Peru,#CD853F,30,69,80
Phlox,#DF00FF,292,100,100
Phthalo blue,#000F89,233,100,54
Phthalo green,#123524,151,66,21
Picton blue,#45B1E8,200,70,91
Pictorial carmine,#C30B4E,338,94,76
Piggy pink,#FDDDE6,343,13,99
Pine green,#01796F,175,99,47
Pineapple,#563C5C,289,35,36
Pink,#FFC0CB,350,25,100
Pink (Pantone),#D74894,328,67,84
Pink Flamingo,#FC74FD,300,54,99
Pink lace,#FFDDF4,319,13,100
Pink lavender,#D8B2D1,311,18,85
Pink-orange,#FF9966,20,60,100
Pink pearl,#E7ACCF,324,26,91
Pink raspberry,#980036,339,100,60
Pink Sherbet,#F78FA7,346,42,97
Pistachio,#93C572,96,42,77
Platinum,#E5E4E2,40,1,90
Plum,#8E4585,307,51,56
Plum (web),#DDA0DD,300,28,87
Pomp and Power,#86608E,290,32,56
Popstar,#BE4F62,350,58,75
Portland Orange,#FF5A36,11,79,100
Powder blue,#B0E0E6,187,23,90
Princeton orange,#F58025,26,85,96
Prune,#701C1C,0,75,44
Prussian blue,#003153,205,100,33
Psychedelic purple,#DF00FF,292,100,100
Puce,#CC8899,345,33,80
Puce red,#722F37,353,59,45
Pullman Brown (UPS Brown),#644117,33,77,39
Pullman Green,#3B331C,45,36,59
Pumpkin,#FF7518,24,91,100
Purple (HTML),#800080,300,100,50
Purple (Munsell),#9F00C5,288,100,77
Purple (X11),#A020F0,277,87,94
Purple Heart,#69359C,270,66,61
Purple mountain majesty,#9678B6,269,34,71
Purple navy,#4E5180,236,39,50
Purple pizzazz,#FE4EDA,312,69,100
Purple taupe,#50404D,311,20,31
Purpureus,#9A4EAE,288,55,68
Quartz,#51484F,313,11,32
Queen blue,#436B95,211,55,58
Queen pink,#E8CCD7,336,12,91
Quinacridone magenta,#8E3A59,338,59,56
Rackley,#5D8AA8,204,45,66
Radical Red,#FF355E,348,79,100
Raisin black,#242124,300,8,14
Rajah,#FBAB60,29,62,98
Raspberry,#E30B5D,337,95,89
Raspberry glace,#915F6D,343,34,57
Raspberry pink,#E25098,330,65,89
Raspberry rose,#B3446C,338,62,70
Raw Sienna,#D68A59,24,58,84
Raw umber,#826644,33,48,51
Razzle dazzle rose,#FF33CC,315,80,100
Razzmatazz,#E3256B,338,84,89
Razzmic Berry,#8D4E85,308,45,55
Rebecca Purple,#663399,270,67,60
Red,#FF0000,0,100,100
Red (Crayola),#EE204D,347,87,93
Red (Munsell),#F2003C,345,100,95
Red (NCS),#C40233,345,99,77
Red (Pantone),#ED2939,355,83,93
Red (pigment),#ED1C24,358,88,93
Red (RYB),#FE2712,5,93,100
Red-brown,#A52A2A,0,75,65
Red devil,#860111,353,99,53
Red-orange,#FF5349,3,71,100
Red-purple,#E40078,328,100,89
Red-violet,#C71585,322,89,78
Redwood,#A45A52,6,50,64
Regalia,#522D80,267,65,50
Registration black,#000000,0,0,0
Resolution blue,#002387,224,100,53
Rhythm,#777696,242,21,59
Rich black,#004040,180,100,25
Rich black (FOGRA29),#010B13,207,95,8
Rich black (FOGRA39),#010203,210,67,1
Rich brilliant lavender,#F1A7FE,291,34,100
Rich carmine,#D70040,342,100,84
Rich electric blue,#0892D0,199,96,82
Rich lavender,#A76BCF,276,48,81
Rich lilac,#B666D2,284,51,82
Rich maroon,#B03060,338,73,69
Rifle green,#444C38,84,26,30
Roast coffee,#704241,1,42,44
Robin egg blue,#00CCCC,180,100,80
Rocket metallic,#8A7F80,355,8,54
Roman silver,#838996,221,13,59
Rose,#FF007F,330,100,100
Rose bonbon,#F9429E,330,73,98
Rose ebony,#674846,4,32,40
Rose gold,#B76E79,351,40,72
Rose madder,#E32636,355,83,89
Rose pink,#FF66CC,320,60,100
Rose quartz,#AA98A9,303,11,67
Rose red,#C21E56,340,85,76
Rose taupe,#905D5D,0,35,56
Rose vale,#AB4E52,357,54,67
Rosewood,#65000B,353,100,40
Rosso corsa,#D40000,0,100,83
Rosy brown,#BC8F8F,0,24,74
Royal azure,#0038A8,220,100,66
Royal blue,#002366,219,100,40
Royal blue,#4169E1,225,71,88
Royal fuchsia,#CA2C92,321,78,79
Royal purple,#7851A9,267,52,66
Royal yellow,#FADA5E,48,62,98
Ruber,#CE4676,339,66,81
Rubine red,#D10056,335,100,82
Ruby,#E0115F,337,92,88
Ruby red,#9B111E,354,89,61
Ruddy,#FF0028,351,100,100
Ruddy brown,#BB6528,25,79,73
Ruddy pink,#E18E96,354,37,88
Rufous,#A81C07,8,96,66
Russet,#80461B,26,79,50
Russian green,#679267,120,29,57
Russian violet,#32174D,270,70,30
Rust,#B7410E,18,92,72
Rusty red,#DA2C43,352,80,85
Sacramento State green,#00563F,164,100,34
Saddle brown,#8B4513,25,86,55
Safety orange,#FF7800,28,100,100
Safety orange (blaze orange),#FF6700,24,100,100
Safety yellow,#EED202,53,99,93
Saffron,#F4C430,45,80,96
Sage,#BCB88A,55,27,74
St. Patrick's blue,#23297A,236,71,48
Salmon,#FA8072,6,54,98
Salmon pink,#FF91A4,350,43,100
Sand,#C2B280,45,34,76
Sand dune,#967117,43,85,59
Sandstorm,#ECD540,52,73,93
Sandy brown,#F4A460,28,61,96
Sandy taupe,#967117,43,85,59
Sangria,#92000A,356,100,57
Sap green,#507D2A,93,66,49
Sapphire,#0F52BA,216,92,73
Sapphire blue,#0067A5,203,100,65
Satin sheen gold,#CBA135,43,74,80
Scarlet,#FF2400,8,100,100
Scarlet,#FD0E35,350,94,99
Schauss pink,#FF91AF,344,43,100
School bus yellow,#FFD800,51,100,100
Screamin' Green,#76FF7A,122,54,100
Sea blue,#006994,197,100,58
Sea green,#2E8B57,146,67,55
Seal brown,#59260B,0,60,20
Seashell,#FFF5EE,25,7,100
Selective yellow,#FFBA00,44,100,100
Sepia,#704214,30,82,44
Shadow,#8A795D,37,33,54
Shadow blue,#778BA5,214,28,65
Shampoo,#FFCFF1,318,19,100
Shamrock green,#009E60,156,100,62
Sheen Green,#8FD400,80,100,83
Shimmering Blush,#D98695,349,38,85
Shocking pink,#FC0FC0,315,94,99
Shocking pink (Crayola),#FF6FFF,300,56,100
Sienna,#882D17,12,83,53
Silver,#C0C0C0,0,0,75
Silver chalice,#ACACAC,0,0,67
Silver Lake blue,#5D89BA,212,50,73
Silver pink,#C4AEAD,3,12,77
Silver sand,#BFC1C2,200,2,76
Sinopia,#CB410B,17,95,80
Skobeloff,#007474,180,100,45
Sky blue,#87CEEB,197,43,92
Sky magenta,#CF71AF,320,45,81
Slate blue,#6A5ACD,248,56,80
Slate gray,#708090,210,22,56
Smalt (Dark powder blue),#003399,220,100,60
Smitten,#C84186,329,68,78
Smoke,#738276,132,12,51
Smoky black,#100C08,30,50,6
Smoky Topaz,#933D41,357,59,58
Snow,#FFFAFA,0,2,100
Soap,#CEC8EF,249,16,94
Solid pink,#893843,352,59,54
Sonic silver,#757575,0,0,46
Spartan Crimson,#9E1316,359,88,62
Space cadet,#1D2951,226,64,32
Spanish bistre,#807532,52,61,50
Spanish blue,#0070B8,203,100,72
Spanish carmine,#D10047,340,100,82
Spanish crimson,#E51A4C,345,89,90
Spanish gray,#989898,0,0,60
Spanish green,#009150,153,100,57
Spanish orange,#E86100,25,100,91
Spanish pink,#F7BFBE,1,23,97
Spanish red,#E60026,350,100,90
Spanish sky blue,#00FFFF,180,100,100
Spanish violet,#4C2882,264,69,51
Spanish viridian,#007F5C,163,100,50
Spicy mix,#8B5f4D,17,45,55
Spiro Disco Ball,#0FC0FC,195,94,99
Spring bud,#A7FC00,80,100,99
Spring green,#00FF7F,150,100,100
Star command blue,#007BB8,200,100,72
Steel blue,#4682B4,207,61,71
Steel pink,#CC33CC,300,75,80
Stil de grain yellow,#FADA5E,48,62,98
Stizza,#990000,0,100,60
Stormcloud,#4F666A,189,25,42
Straw,#E4D96F,54,51,89
Strawberry,#FC5A8D,341,64,99
Sunglow,#FFCC33,45,80,100
Sunray,#E3AB57,36,62,89
Sunset,#FAD6A5,35,34,98
Sunset orange,#FD5E53,4,67,99
Super pink,#CF6BA9,323,48,81
Tan,#D2B48C,34,33,82
Tangelo,#F94D00,19,100,98
Tangerine,#F28500,33,100,95
Tangerine yellow,#FFCC00,48,100,100
Tango pink,#E4717A,355,50,89
Taupe,#483C32,27,31,28
Taupe gray,#8B8589,320,4,55
Tea green,#D0F0C0,100,20,94
Tea rose,#F88379,5,51,97
Teal,#008080,180,100,50
Teal blue,#367588,194,60,53
Teal deer,#99E6B3,140,33,90
Teal green,#00827F,179,100,51
Telemagenta,#CF3476,334,75,81
Tenne,#CD5700,25,100,80
Terra cotta,#E2725B,10,60,89
Thistle,#D8BFD8,300,12,85
Thulian pink,#DE6FA1,333,50,87
Tickle Me Pink,#FC89AC,342,46,99
Tiffany Blue,#0ABAB5,178,95,73
Tiger's eye,#E08D3C,30,73,88
Timberwolf,#DBD7D2,33,4,86
Titanium yellow,#EEE600,58,100,93
Tomato,#FF6347,9,72,100
Toolbox,#746CC0,246,44,75
Topaz,#FFC87C,35,51,100
Tractor red,#FD0E35,350,94,99
Trolley Grey,#808080,0,0,50
Tropical rain forest,#00755E,168,100,46
Tropical violet,#CDA4DE,282,26,87
True Blue,#0073CF,207,100,81
Tufts Blue,#417DC1,212,66,76
Tulip,#FF878D,357,47,100
Tumbleweed,#DEAA88,24,39,87
Turkish rose,#B57281,347,37,71
Turquoise,#40E0D0,174,71,88
Turquoise blue,#00FFEF,176,100,100
Turquoise green,#A0D6B4,142,25,84
Tuscan,#FAD6A5,35,34,98
Tuscan brown,#6F4E37,25,50,44
Tuscan red,#7C4848,0,42,49
Tuscan tan,#A67B5B,26,45,65
Tuscany,#C09999,0,20,75
Twilight lavender,#8A496B,329,47,54
Tyrian purple,#66023C,325,98,40
UA blue,#0033AA,222,100,67
UA red,#D9004C,339,100,85
Ube,#8878C3,253,38,76
UCLA Blue,#536895,221,44,58
UCLA Gold,#FFB300,42,100,100
UFO Green,#3CD070,141,71,82
Ultramarine,#3F00FF,244,93,56
Ultramarine blue,#4166F5,228,73,96
Ultra pink,#FF6FFF,300,56,100
Ultra red,#FC6C85,350,57,99
Umber,#635147,21,28,39
Unbleached silk,#FFDDCA,22,21,100
United Nations blue,#5B92E5,216,60,90
University of California Gold,#B78727,40,79,72
Unmellow yellow,#FFFF66,60,60,100
UP Forest green,#014421,149,99,27
UP Maroon,#7B1113,359,86,48
Upsdell red,#AE2029,356,82,68
Urobilin,#E1AD21,44,85,88
USAFA blue,#004F98,209,100,60
USC Cardinal,#990000,0,100,60
USC Gold,#FFCC00,48,100,100
University of Tennessee Orange,#F77F00,31,100,97
Utah Crimson,#D3003F,342,100,83
Vanilla,#F3E5AB,48,30,95
Vanilla ice,#F38FA9,344,41,95
Vegas gold,#C5B358,50,55,77
Venetian red,#C80815,356,96,78
Verdigris,#43B3AE,177,63,70
Vermilion,#E34234,5,77,89
Vermilion,#D9381E,8,86,85
Veronica,#A020F0,277,87,94
Very light azure,#74BBFB,208,54,98
Very light blue,#6666FF,240,60,100
Very light malachite green,#64E986,135,57,91
Very light tangelo,#FFB077,25,53,100
Very pale orange,#FFDFBF,30,25,100
Very pale yellow,#FFFFBF,60,25,100
Violet,#8F00FF,274,100,100
Violet (color wheel),#7F00FF,270,100,100
Violet (RYB),#8601AF,286,99,69
Violet (web),#EE82EE,300,45,93
Violet-blue,#324AB2,229,72,70
Violet-red,#F75394,336,66,97
Viridian,#40826D,161,51,51
Viridian green,#009698,181,100,60
Vista blue,#7C9ED9,218,43,85
Vivid amber,#cc9900,45,100,80
Vivid auburn,#922724,2,75,57
Vivid burgundy,#9F1D35,349,82,62
Vivid cerise,#DA1D81,328,87,85
Vivid cerulean,#00aaee,197,100,93
Vivid crimson,#CC0033,345,100,80
Vivid gamboge,#FF9900,36,100,100
Vivid lime green,#a6d608,74,96,84
Vivid malachite,#00cc33,135,100,80
Vivid mulberry,#B80CE3,288,95,89
Vivid orange,#FF5F00,22,100,100
Vivid orange peel,#FFA000,18,100,100
Vivid orchid,#CC00FF,288,100,100
Vivid raspberry,#FF006C,335,100,100
Vivid red,#F70D1A,357,95,97
Vivid red-tangelo,#DF6124,20,84,87
Vivid sky blue,#00CCFF,192,100,100
Vivid tangelo,#F07427,23,84,94
Vivid tangerine,#FFA089,12,46,100
Vivid vermilion,#e56024,19,84,90
Vivid violet,#9F00FF,277,100,100
Vivid yellow,#FFE302,53,99,100
Volt,#CEFF00,72,100,100
Warm black,#004242,180,100,25
Waterspout,#A4F4F9,184,34,98
Wenge,#645452,7,18,39
Wheat,#F5DEB3,39,27,96
White,#FFFFFF,0,0,100
White smoke,#F5F5F5,0,0,96
Wild blue yonder,#A2ADD0,226,22,82
Wild orchid,#D470A2,330,47,83
Wild Strawberry,#FF43A4,329,74,100
Wild watermelon,#FC6C85,350,57,99
Willpower orange,#FD5800,21,100,99
Windsor tan,#A75502,30,99,65
Wine,#722F37,353,59,45
Wine dregs,#673147,336,52,40
Wisteria,#C9A0DC,281,27,86
Wood brown,#C19A6B,33,45,76
Xanadu,#738678,136,14,53
Yale Blue,#0F4D92,212,90,57
Yankees blue,#1C2841,221,57,25
Yellow,#FFFF00,60,100,100
Yellow (Crayola),#FCE883,50,48,99
Yellow (Munsell),#EFCC00,51,100,94
Yellow (NCS),#FFD300,50,100,100
Yellow (Pantone),#FEDF00,53,100,100
Yellow (process),#FFEF00,56,100,100
Yellow (RYB),#FEFE33,60,80,100
Yellow-green,#9ACD32,80,76,80
Yellow Orange,#FFAE42,34,74,100
Yellow rose,#FFF000,56,100,100
Zaffre,#0014A8,233,100,66
Zinnwaldite brown,#2C1608,23,82,17
Zomp,#39A78E,166,66,65
